key,key:booking,key:passenger
booking-passenger-00,booking-00,passenger-00
booking-passenger-01,booking-01,passenger-01
booking-passenger-02,booking-02,passenger-02
booking-passenger-03,booking-03,passenger-03
booking-passenger-04,booking-04,passenger-04
booking-passenger-05,booking-05,passenger-05
booking-passenger-06,booking-06,passenger-06
booking-passenger-07,booking-07,passenger-07
booking-passenger-08,booking-08,passenger-08
booking-passenger-09,booking-09,passenger-09
booking-passenger-10,booking-10,passenger-10
booking-passenger-11,booking-10,passenger-11
booking-passenger-12,booking-11,passenger-11
booking-passenger-13,booking-12,passenger-11
booking-passenger-14,booking-13,passenger-12
booking-passenger-15,booking-14,passenger-13
booking-passenger-16,booking-15,passenger-14
booking-passenger-17,booking-16,passenger-15
booking-passenger-18,booking-17,passenger-16
booking-passenger-19,booking-17,passenger-17
booking-passenger-20,booking-17,passenger-18
booking-passenger-21,booking-17,passenger-19
booking-passenger-22,booking-17,passenger-20
booking-passenger-23,booking-17,passenger-21
booking-passenger-24,booking-17,passenger-22
booking-passenger-25,booking-18,passenger-23
booking-passenger-26,booking-18,passenger-24
booking-passenger-27,booking-18,passenger-25
booking-passenger-28,booking-18,passenger-26
booking-passenger-29,booking-18,passenger-27
booking-passenger-30,booking-18,passenger-28
booking-passenger-31,booking-18,passenger-29
booking-passenger-32,booking-18,passenger-30
booking-passenger-33,booking-18,passenger-31
booking-passenger-34,booking-18,passenger-32
booking-passenger-35,booking-19,passenger-34